<?xml version="1.0" encoding="UTF-8" standalone="yes"?>
<addon id="plugin.video.channel99" name="Channel 99 - NSV Streams" version="1.0.0" provider-name="pracdev.org">
    <requires>
        <import addon="xbmc.python" version="3.0.0"/>
    </requires>
    <extension point="xbmc.python.pluginsource" library="addon.py">
        <provides>video</provides>
    </extension>
    <extension point="xbmc.addon.metadata">
        <summary lang="en_GB">Channel 99 - Retro IPTV NSV Streams from 2003</summary>
        <description lang="en_GB">Access 16 NSV streams preserving retro IPTV from the pre-YouTube era. Includes Channel 99 with 14,841+ anime episodes/movies, documentaries, MST3K, and classic content. NSV streams from 2003 still actively updated in 2025! Most streams 240p VP3.1, with experimental 720p HD streams. Free to watch, no ads, ever. Visit www.pracdev.org/channel99/</description>
        <disclaimer lang="en_GB">NSV (Nullsoft Streaming Video) is a legacy format from 2003. Requires network access. Codec support may vary.</disclaimer>
        <language>en</language>
        <platform>all</platform>
        <license>GPL-3.0-only</license>
        <website>https://www.pracdev.org/channel99/</website>
        <forum>https://yp.stream-mich.de/pages/scv1_list.php</forum>
        <news>
v1.0.0 (2025-01-09)
- Initial release
- 6 Anime streams (14,841 episodes in LTS, 5,237 in HD)
- 3 Nonfiction/documentary streams
- 3 Fiction streams (MST3K and more)
- 4 Miscellaneous classic streams
- About page with Channel 99 information
- Detailed channel descriptions and quality info
        </news>
        <assets>
            <icon>icon.png</icon>
            <fanart>fanart.jpg</fanart>
        </assets>
    </extension>
</addon>